num_uavs,num_requests,area_size,num_locations,vnfs_per_request,time_slots,seed,milp_success,milp_serviced,milp_reward,milp_runtime,milp_status,mpoploc_success,mpoploc_serviced,mpoploc_reward,mpoploc_runtime,mpoploc_status,random_success,random_serviced,random_reward,random_runtime,random_status,serviced_diff,reward_diff,runtime_ratio,milp_vs_random_serviced_diff,mpoploc_vs_random_serviced_diff,milp_vs_random_reward_diff,mpoploc_vs_random_reward_diff,random_vs_milp_runtime_ratio,random_vs_mpoploc_runtime_ratio,test_case_id,run_id
4,32,2500.0,10,2,4,0,True,20,20000.0,60.37609052658081,optimal,1.0,8.65,8650.0,0.01960916519165039,avg_20_runs,1.0,5.7,5700.0,0.01454308032989502,avg_20_runs,11.35,11350.0,0.0003247836191549597,14.3,2.95,14300.0,2950.0,0.0002408748264926556,0.741647091436992,0,0
5,40,2500.0,10,2,4,0,True,26,20000.0,60.37609052658081,optimal,1.0,10.7,10700.0,0.026271653175354005,avg_20_runs,1.0,7.0,7000.0,0.02052416801452637,avg_20_runs,15.3,9300.0,0.00043513339380243254,19.0,3.6999999999999993,13000.0,3700.0,0.0003399386716748499,0.7812286450926706,0,0
6,48,2500.0,10,2,4,1000,True,32,28000.0,60.86207103729248,optimal,1.0,15.95,15950.0,0.03373793363571167,avg_20_runs,1.0,10.75,10750.0,0.020791244506835938,avg_20_runs,16.05,12050.0,0.0005543343014903185,21.25,5.199999999999999,17250.0,5200.0,0.00034161250434768084,0.616257199724537,1,0
7,56,2500.0,10,2,4,1000,True,39,28000.0,60.86207103729248,optimal,1.0,19.65,19650.0,0.042764341831207274,avg_20_runs,1.0,11.5,11500.0,0.02832075357437134,avg_20_runs,19.35,8350.0,0.0007026435529116969,27.5,8.149999999999999,16500.0,8150.0,0.0004653268134273339,0.6622515947083809,1,0
8,64,2500.0,10,2,4,2000,True,45,9000.0,61.73187279701233,optimal,1.0,19.2,19200.0,0.05558234453201294,avg_20_runs,1.0,14.35,14350.0,0.03256223201751709,avg_20_runs,25.8,-10200.0,0.0009003832544458783,30.65,4.85,-5350.0,4850.0,0.0005274784409115322,0.5858376844604442,2,0
9,72,2500.0,10,2,4,2000,True,50,9000.0,61.73187279701233,optimal,1.0,21.95,21950.0,0.06675872802734376,avg_20_runs,1.0,14.65,14650.0,0.040039217472076415,avg_20_runs,28.05,-12950.0,0.0010814304669949154,35.35,7.299999999999999,-5650.0,7300.0,0.0006485987814387873,0.5997600411990582,2,0
10,80,2500.0,10,2,4,3000,True,57,-0.0,63.16167831420898,optimal,1.0,23.85,23850.0,0.07934342622756958,avg_20_runs,1.0,16.3,16300.0,0.04795480966567993,avg_20_runs,33.15,-23850.0,0.0012561956608065673,40.7,7.550000000000001,-16300.0,7550.0,0.0007592390029143972,0.6043954987290049,3,0
